url,title
https://tll.com.bd/,Total Logistics – Limited
https://tll.com.bd/#content,Total Logistics – Limited
https://tll.com.bd/about/,About – Total Logistics
https://tll.com.bd/services/,Services – Total Logistics
https://tll.com.bd/news/,News – Total Logistics
https://tll.com.bd/partners/,Partners – Total Logistics
https://tll.com.bd/project-logistics/,Project Logistics – Total Logistics
https://tll.com.bd/contact/,Contact – Total Logistics
https://tll.com.bd/about/#content,About – Total Logistics
https://tll.com.bd/services/#content,Services – Total Logistics
https://tll.com.bd/news/#content,News – Total Logistics
https://tll.com.bd/partners/#content,Partners – Total Logistics
https://tll.com.bd/project-logistics/#content,Project Logistics – Total Logistics
https://tll.com.bd/contact/#content,Contact – Total Logistics
